<?xml version="1.0" encoding="UTF-8"?>
<beans xmlns="http://www.springframework.org/schema/beans"
       xmlns:xsi="http://www.w3.org/2001/XMLSchema-instance"
       xmlns:context="http://www.springframework.org/schema/context"
       xmlns:p="http://www.springframework.org/schema/p" xmlns:tx="http://www.springframework.org/schema/tx"
       xsi:schemaLocation="
            http://www.springframework.org/schema/beans http://www.springframework.org/schema/beans/spring-beans.xsd
            http://www.springframework.org/schema/context http://www.springframework.org/schema/context/spring-context.xsd
            http://www.springframework.org/schema/tx http://www.springframework.org/schema/tx/spring-tx.xsd
        ">
 
    <tx:annotation-driven transaction-manager="transactionManager"/>
 
    <context:component-scan base-package="se.sfjd"/>
 
    <bean id="dataSource"
          class="org.springframework.jdbc.datasource.DriverManagerDataSource"
          p:driverClassName="org.apache.derby.jdbc.ClientDriver" p:url="jdbc:derby://localhost:1527/sample"
          p:username="app" p:password="app"/>
          
    <bean id="entityManagerFactory"
          class="org.springframework.orm.jpa.LocalContainerEntityManagerFactoryBean">
        <property name="persistenceUnitName" value="JpaScala"/>
        <property name="persistenceProviderClass" value="org.hibernate.ejb.HibernatePersistence"/>
        <property name="jpaDialect">
            <bean class="org.springframework.orm.jpa.vendor.HibernateJpaDialect"/>
        </property>
 
        <property name="dataSource" ref="dataSource"/>
        <property name="jpaPropertyMap">
            <map>
                <entry key="hibernate.dialect" value="org.hibernate.dialect.DerbyDialect"/>
                <entry key="hibernate.connection.charSet" value="UTF-8"/>
                <entry key="hibernate.hbm2ddl.auto" value="update"/>
                <entry key="hibernate.show.sql" value="true"/>
            </map>
        </property>
    </bean>
 
    <bean id="entityManager"
          class="org.springframework.orm.jpa.support.SharedEntityManagerBean">
        <property name="entityManagerFactory" ref="entityManagerFactory"/>
    </bean>
 
    <bean id="transactionManager" class="org.springframework.orm.jpa.JpaTransactionManager">
        <property name="entityManagerFactory" ref="entityManagerFactory"/>
        <property name="dataSource" ref="dataSource"/>
    </bean>
</beans>